Accuracy,"
",0.9943467336683417
MCC,"
",0.988697962312133
Precision,"
",0.9943534763509246
Recall,"
",0.9943467336683417
F1_score,"
",0.9943465730317327
Classification_Report,"
","              precision    recall  f1-score   support

           0     0.9962    0.9924    0.9943      1571
           1     0.9926    0.9963    0.9944      1613

    accuracy                         0.9943      3184
   macro avg     0.9944    0.9943    0.9943      3184
weighted avg     0.9944    0.9943    0.9943      3184
"
