Accuracy,"
",0.9939816281279696
MCC,"
",0.9879646602192954
Precision,"
",0.9939833581425493
Recall,"
",0.9939816281279696
F1_score,"
",0.9939815955189506
Classification_Report,"
","              precision    recall  f1-score   support

           0     0.9949    0.9930    0.9939      1571
           1     0.9931    0.9950    0.9940      1586

    accuracy                         0.9940      3157
   macro avg     0.9940    0.9940    0.9940      3157
weighted avg     0.9940    0.9940    0.9940      3157
"
