Accuracy,"
",0.9959029309801449
MCC,"
",0.9918097542274817
Precision,"
",0.9959077311998199
Recall,"
",0.9959029309801449
F1_score,"
",0.9959028577210499
Classification_Report,"
","              precision    recall  f1-score   support

           0     0.9974    0.9943    0.9959      1571
           1     0.9944    0.9975    0.9959      1602

    accuracy                         0.9959      3173
   macro avg     0.9959    0.9959    0.9959      3173
weighted avg     0.9959    0.9959    0.9959      3173
"
