Accuracy,"
",0.988276299112801
MCC,"
",0.9765523988288086
Precision,"
",0.9882765281614802
Recall,"
",0.988276299112801
F1_score,"
",0.9882763144145638
Classification_Report,"
","              precision    recall  f1-score   support

           0     0.9879    0.9885    0.9882      1571
           1     0.9886    0.9880    0.9883      1585

    accuracy                         0.9883      3156
   macro avg     0.9883    0.9883    0.9883      3156
weighted avg     0.9883    0.9883    0.9883      3156
"
