Accuracy,"
",0.9866877971473851
MCC,"
",0.9733779934440958
Precision,"
",0.9866907873818495
Recall,"
",0.9866877971473851
F1_score,"
",0.9866877062036636
Classification_Report,"
","              precision    recall  f1-score   support

           0     0.9879    0.9854    0.9866      1571
           1     0.9855    0.9880    0.9868      1584

    accuracy                         0.9867      3155
   macro avg     0.9867    0.9867    0.9867      3155
weighted avg     0.9867    0.9867    0.9867      3155
"
