Accuracy,"
",0.9902208201892745
MCC,"
",0.9804418355127293
Precision,"
",0.9902210192160337
Recall,"
",0.9902208201892745
F1_score,"
",0.9902208211624338
Classification_Report,"
","              precision    recall  f1-score   support

           0     0.9905    0.9899    0.9902      1586
           1     0.9899    0.9905    0.9902      1584

    accuracy                         0.9902      3170
   macro avg     0.9902    0.9902    0.9902      3170
weighted avg     0.9902    0.9902    0.9902      3170
"
