Accuracy,"
",0.9946675031367629
MCC,"
",0.9893363891940057
Precision,"
",0.9946692050307586
Recall,"
",0.9946675031367629
F1_score,"
",0.9946674732289768
Classification_Report,"
","              precision    recall  f1-score   support

           0     0.9956    0.9937    0.9946      1586
           1     0.9938    0.9956    0.9947      1602

    accuracy                         0.9947      3188
   macro avg     0.9947    0.9947    0.9947      3188
weighted avg     0.9947    0.9947    0.9947      3188
"
