Accuracy,"
",0.9890590809628009
MCC,"
",0.978121959844897
Precision,"
",0.9890641487215318
Recall,"
",0.9890590809628009
F1_score,"
",0.9890591985712572
Classification_Report,"
","              precision    recall  f1-score   support

           0     0.9874    0.9905    0.9890      1586
           1     0.9907    0.9876    0.9891      1613

    accuracy                         0.9891      3199
   macro avg     0.9891    0.9891    0.9891      3199
weighted avg     0.9891    0.9891    0.9891      3199
"
