Accuracy,"
",0.9870703248186692
MCC,"
",0.9741733270920975
Precision,"
",0.9871030388248807
Recall,"
",0.9870703248186692
F1_score,"
",0.9870700907868093
Classification_Report,"
","              precision    recall  f1-score   support

           0     0.9831    0.9912    0.9871      1586
           1     0.9911    0.9830    0.9870      1585

    accuracy                         0.9871      3171
   macro avg     0.9871    0.9871    0.9871      3171
weighted avg     0.9871    0.9871    0.9871      3171
"
