Accuracy,"
",0.9027213012198937
MCC,"
",0.8056708422212501
Precision,"
",0.902989328763832
Recall,"
",0.9027213012198937
F1_score,"
",0.9026918194357225
Classification_Report,"
","              precision    recall  f1-score   support

           0     0.8931    0.9169    0.9049      1613
           1     0.9130    0.8883    0.9005      1584

    accuracy                         0.9027      3197
   macro avg     0.9031    0.9026    0.9027      3197
weighted avg     0.9030    0.9027    0.9027      3197
"
