Accuracy,"
",0.9906687402799378
MCC,"
",0.9813381010765646
Precision,"
",0.9906695395383165
Recall,"
",0.9906687402799378
F1_score,"
",0.9906687565299701
Classification_Report,"
","              precision    recall  f1-score   support

           0     0.9913    0.9901    0.9907      1613
           1     0.9900    0.9913    0.9906      1602

    accuracy                         0.9907      3215
   macro avg     0.9907    0.9907    0.9907      3215
weighted avg     0.9907    0.9907    0.9907      3215
"
