Accuracy,"
",0.9196372732958099
MCC,"
",0.8394326359043026
Precision,"
",0.9198231008575474
Recall,"
",0.9196372732958099
F1_score,"
",0.9196199402488456
Classification_Report,"
","              precision    recall  f1-score   support

           0     0.9114    0.9312    0.9212      1613
           1     0.9284    0.9079    0.9180      1585

    accuracy                         0.9196      3198
   macro avg     0.9199    0.9195    0.9196      3198
weighted avg     0.9198    0.9196    0.9196      3198
"
