Accuracy,"
",0.9635907093534212
MCC,"
",0.9273358493491328
Precision,"
",0.9637513483787162
Recall,"
",0.9635907093534212
F1_score,"
",0.9635855430280406
Classification_Report,"
","              precision    recall  f1-score   support

           0     0.9723    0.9539    0.9630      1584
           1     0.9553    0.9732    0.9641      1602

    accuracy                         0.9636      3186
   macro avg     0.9638    0.9635    0.9636      3186
weighted avg     0.9638    0.9636    0.9636      3186
"
