Accuracy,"
",0.7333543704638688
MCC,"
",0.46949730467648737
Precision,"
",0.736160615764952
Recall,"
",0.7333543704638688
F1_score,"
",0.7325526986436701
Classification_Report,"
","              precision    recall  f1-score   support

           0     0.7619    0.6787    0.7179      1584
           1     0.7105    0.7880    0.7472      1585

    accuracy                         0.7334      3169
   macro avg     0.7362    0.7333    0.7325      3169
weighted avg     0.7362    0.7334    0.7326      3169
"
