Accuracy,"
",0.9890178851584562
MCC,"
",0.9780592572589638
Precision,"
",0.9890415922860496
Recall,"
",0.9890178851584562
F1_score,"
",0.9890179565205081
Classification_Report,"
","              precision    recall  f1-score   support

           0     0.9856    0.9924    0.9890      1585
           1     0.9925    0.9856    0.9890      1602

    accuracy                         0.9890      3187
   macro avg     0.9890    0.9890    0.9890      3187
weighted avg     0.9890    0.9890    0.9890      3187
"
