Accuracy,"
",0.9879556259904912
MCC,"
",0.9759600433382829
Precision,"
",0.9880053301807471
Recall,"
",0.9879556259904912
F1_score,"
",0.9879550645028767
Classification_Report,"
","              precision    recall  f1-score   support

           0     0.9929    0.9828    0.9878      1571
           1     0.9831    0.9931    0.9881      1584

    accuracy                         0.9880      3155
   macro avg     0.9880    0.9879    0.9880      3155
weighted avg     0.9880    0.9880    0.9880      3155
"
