Accuracy,"
",0.9974787267570123
MCC,"
",0.9949639031052178
Precision,"
",0.997485750248084
Recall,"
",0.9974787267570123
F1_score,"
",0.9974786711548345
Classification_Report,"
","              precision    recall  f1-score   support

           0     0.9994    0.9955    0.9974      1571
           1     0.9956    0.9994    0.9975      1602

    accuracy                         0.9975      3173
   macro avg     0.9975    0.9975    0.9975      3173
weighted avg     0.9975    0.9975    0.9975      3173
"
