Accuracy,"
",0.9943467336683417
MCC,"
",0.9887184785889127
Precision,"
",0.9943742705732739
Recall,"
",0.9943467336683417
F1_score,"
",0.9943463722141463
Classification_Report,"
","              precision    recall  f1-score   support

           0     0.9981    0.9905    0.9942      1571
           1     0.9908    0.9981    0.9944      1613

    accuracy                         0.9943      3184
   macro avg     0.9944    0.9943    0.9943      3184
weighted avg     0.9944    0.9943    0.9943      3184
"
