Accuracy,"
",0.9927444794952681
MCC,"
",0.9854907011442019
Precision,"
",0.9927462360902624
Recall,"
",0.9927444794952681
F1_score,"
",0.9927444686649207
Classification_Report,"
","              precision    recall  f1-score   support

           0     0.9918    0.9937    0.9928      1586
           1     0.9937    0.9918    0.9927      1584

    accuracy                         0.9927      3170
   macro avg     0.9927    0.9927    0.9927      3170
weighted avg     0.9927    0.9927    0.9927      3170
"
