Accuracy,"
",0.9959222082810539
MCC,"
",0.9918492191720001
Precision,"
",0.9959271520127114
Recall,"
",0.9959222082810539
F1_score,"
",0.9959222303487133
Classification_Report,"
","              precision    recall  f1-score   support

           0     0.9943    0.9975    0.9959      1586
           1     0.9975    0.9944    0.9959      1602

    accuracy                         0.9959      3188
   macro avg     0.9959    0.9959    0.9959      3188
weighted avg     0.9959    0.9959    0.9959      3188
"
