Accuracy,"
",0.9908546199936928
MCC,"
",0.981714137966237
Precision,"
",0.9908595107080922
Recall,"
",0.9908546199936928
F1_score,"
",0.9908546018033887
Classification_Report,"
","              precision    recall  f1-score   support

           0     0.9924    0.9893    0.9908      1586
           1     0.9893    0.9924    0.9909      1585

    accuracy                         0.9909      3171
   macro avg     0.9909    0.9909    0.9909      3171
weighted avg     0.9909    0.9909    0.9909      3171
"
