Accuracy,"
",0.9922239502332815
MCC,"
",0.9844572839574216
Precision,"
",0.9922333998622279
Recall,"
",0.9922239502332815
F1_score,"
",0.9922239712980058
Classification_Report,"
","              precision    recall  f1-score   support

           0     0.9944    0.9901    0.9922      1613
           1     0.9901    0.9944    0.9922      1602

    accuracy                         0.9922      3215
   macro avg     0.9922    0.9922    0.9922      3215
weighted avg     0.9922    0.9922    0.9922      3215
"
