Accuracy,"
",0.9224272755708477
MCC,"
",0.8448479517805673
Precision,"
",0.9224316816957253
Recall,"
",0.9224272755708477
F1_score,"
",0.9224280345857971
Classification_Report,"
","              precision    recall  f1-score   support

           0     0.9242    0.9219    0.9230      1613
           1     0.9207    0.9230    0.9218      1584

    accuracy                         0.9224      3197
   macro avg     0.9224    0.9224    0.9224      3197
weighted avg     0.9224    0.9224    0.9224      3197
"
