Accuracy,"
",0.9299562226391495
MCC,"
",0.8599239351308243
Precision,"
",0.9299838213754938
Recall,"
",0.9299562226391495
F1_score,"
",0.9299521948671331
Classification_Report,"
","              precision    recall  f1-score   support

           0     0.9269    0.9349    0.9309      1613
           1     0.9332    0.9249    0.9290      1585

    accuracy                         0.9300      3198
   macro avg     0.9300    0.9299    0.9299      3198
weighted avg     0.9300    0.9300    0.9300      3198
"
