Accuracy,"
",0.7431366361628274
MCC,"
",0.49109493835050616
Precision,"
",0.7479938418831428
Recall,"
",0.7431366361628274
F1_score,"
",0.7418640962371965
Classification_Report,"
","              precision    recall  f1-score   support

           0     0.7827    0.6730    0.7237      1584
           1     0.7133    0.8132    0.7600      1585

    accuracy                         0.7431      3169
   macro avg     0.7480    0.7431    0.7419      3169
weighted avg     0.7480    0.7431    0.7419      3169
"
