Accuracy,"
",0.9676710608913999
MCC,"
",0.9354495554005007
Precision,"
",0.9677834287953355
Recall,"
",0.9676710608913999
F1_score,"
",0.9676676364677206
Classification_Report,"
","              precision    recall  f1-score   support

           0     0.9750    0.9596    0.9672      1584
           1     0.9607    0.9757    0.9681      1602

    accuracy                         0.9677      3186
   macro avg     0.9678    0.9676    0.9677      3186
weighted avg     0.9678    0.9677    0.9677      3186
"
