Accuracy,"
",0.9905867587072482
MCC,"
",0.9811736285355809
Precision,"
",0.99058746852538
Recall,"
",0.9905867587072482
F1_score,"
",0.9905867234884853
Classification_Report,"
","              precision    recall  f1-score   support

           0     0.9912    0.9899    0.9905      1585
           1     0.9900    0.9913    0.9906      1602

    accuracy                         0.9906      3187
   macro avg     0.9906    0.9906    0.9906      3187
weighted avg     0.9906    0.9906    0.9906      3187
"
