Accuracy,"
",0.9915201005025126
MCC,"
",0.9830517010235456
Precision,"
",0.9915351821926282
Recall,"
",0.9915201005025126
F1_score,"
",0.9915197164693659
Classification_Report,"
","              precision    recall  f1-score   support

           0     0.9942    0.9885    0.9914      1571
           1     0.9889    0.9944    0.9917      1613

    accuracy                         0.9915      3184
   macro avg     0.9916    0.9915    0.9915      3184
weighted avg     0.9915    0.9915    0.9915      3184
"
