Accuracy,"
",0.9940119760479041
MCC,"
",0.9880273480759411
Precision,"
",0.9940166992486618
Recall,"
",0.9940119760479041
F1_score,"
",0.9940118689769191
Classification_Report,"
","              precision    recall  f1-score   support

           0     0.9955    0.9924    0.9939      1571
           1     0.9925    0.9956    0.9941      1602

    accuracy                         0.9940      3173
   macro avg     0.9940    0.9940    0.9940      3173
weighted avg     0.9940    0.9940    0.9940      3173
"
