Accuracy,"
",0.9879594423320659
MCC,"
",0.9759218170194577
Precision,"
",0.987962713111738
Recall,"
",0.9879594423320659
F1_score,"
",0.9879594906865735
Classification_Report,"
","              precision    recall  f1-score   support

           0     0.9867    0.9892    0.9879      1571
           1     0.9892    0.9868    0.9880      1585

    accuracy                         0.9880      3156
   macro avg     0.9880    0.9880    0.9880      3156
weighted avg     0.9880    0.9880    0.9880      3156
"
