Accuracy,"
",0.9920810896420652
MCC,"
",0.9841634562436012
Precision,"
",0.9920827956286647
Recall,"
",0.9920810896420652
F1_score,"
",0.9920810467354615
Classification_Report,"
","              precision    recall  f1-score   support

           0     0.9930    0.9911    0.9920      1571
           1     0.9912    0.9931    0.9921      1586

    accuracy                         0.9921      3157
   macro avg     0.9921    0.9921    0.9921      3157
weighted avg     0.9921    0.9921    0.9921      3157
"
