Accuracy,"
",0.9771790808240888
MCC,"
",0.9544528241956732
Precision,"
",0.9772732098547314
Recall,"
",0.9771790808240888
F1_score,"
",0.9771786268792004
Classification_Report,"
","              precision    recall  f1-score   support

           0     0.9705    0.9841    0.9772      1571
           1     0.9840    0.9703    0.9771      1584

    accuracy                         0.9772      3155
   macro avg     0.9772    0.9772    0.9772      3155
weighted avg     0.9773    0.9772    0.9772      3155
"
