Accuracy,"
",0.9828071272272585
MCC,"
",0.9656460582216033
Precision,"
",0.9828401993636223
Recall,"
",0.9828071272272585
F1_score,"
",0.9828074330006393
Classification_Report,"
","              precision    recall  f1-score   support

           0     0.9787    0.9868    0.9827      1586
           1     0.9869    0.9789    0.9829      1613

    accuracy                         0.9828      3199
   macro avg     0.9828    0.9828    0.9828      3199
weighted avg     0.9828    0.9828    0.9828      3199
"
