Accuracy,"
",0.9826553137811416
MCC,"
",0.9653123314335215
Precision,"
",0.9826570314532834
Recall,"
",0.9826553137811416
F1_score,"
",0.9826552930818301
Classification_Report,"
","              precision    recall  f1-score   support

           0     0.9817    0.9836    0.9827      1586
           1     0.9836    0.9817    0.9826      1585

    accuracy                         0.9827      3171
   macro avg     0.9827    0.9827    0.9827      3171
weighted avg     0.9827    0.9827    0.9827      3171
"
