Accuracy,"
",0.989021329987453
MCC,"
",0.9780661560054451
Precision,"
",0.9890449985425689
Recall,"
",0.989021329987453
F1_score,"
",0.9890213893998212
Classification_Report,"
","              precision    recall  f1-score   support

           0     0.9856    0.9924    0.9890      1586
           1     0.9925    0.9856    0.9890      1602

    accuracy                         0.9890      3188
   macro avg     0.9890    0.9890    0.9890      3188
weighted avg     0.9890    0.9890    0.9890      3188
"
