Accuracy,"
",0.9858044164037855
MCC,"
",0.9716323449958754
Precision,"
",0.9858278780093205
Recall,"
",0.9858044164037855
F1_score,"
",0.9858042765502587
Classification_Report,"
","              precision    recall  f1-score   support

           0     0.9892    0.9823    0.9858      1586
           1     0.9824    0.9893    0.9858      1584

    accuracy                         0.9858      3170
   macro avg     0.9858    0.9858    0.9858      3170
weighted avg     0.9858    0.9858    0.9858      3170
"
