Accuracy,"
",0.9866251944012442
MCC,"
",0.9732722382430438
Precision,"
",0.9866476701471981
Recall,"
",0.9866251944012442
F1_score,"
",0.9866248812448912
Classification_Report,"
","              precision    recall  f1-score   support

           0     0.9834    0.9901    0.9867      1613
           1     0.9899    0.9831    0.9865      1602

    accuracy                         0.9866      3215
   macro avg     0.9867    0.9866    0.9866      3215
weighted avg     0.9866    0.9866    0.9866      3215
"
