Accuracy,"
",0.886143259305599
MCC,"
",0.7757861419211397
Precision,"
",0.889572946036542
Recall,"
",0.886143259305599
F1_score,"
",0.8859467947153525
Classification_Report,"
","              precision    recall  f1-score   support

           0     0.9263    0.8413    0.8817      1613
           1     0.8522    0.9318    0.8902      1584

    accuracy                         0.8861      3197
   macro avg     0.8892    0.8866    0.8860      3197
weighted avg     0.8896    0.8861    0.8859      3197
"
