Accuracy,"
",0.8968105065666041
MCC,"
",0.7948518947896609
Precision,"
",0.8980093740520693
Recall,"
",0.8968105065666041
F1_score,"
",0.8967601625477966
Classification_Report,"
","              precision    recall  f1-score   support

           0     0.9201    0.8710    0.8949      1613
           1     0.8755    0.9230    0.8986      1585

    accuracy                         0.8968      3198
   macro avg     0.8978    0.8970    0.8968      3198
weighted avg     0.8980    0.8968    0.8968      3198
"
