Accuracy,"
",0.9579409918392969
MCC,"
",0.9159601072342315
Precision,"
",0.9580250840715441
Recall,"
",0.9579409918392969
F1_score,"
",0.9579373449832749
Classification_Report,"
","              precision    recall  f1-score   support

           0     0.9641    0.9508    0.9574      1584
           1     0.9520    0.9650    0.9585      1602

    accuracy                         0.9579      3186
   macro avg     0.9581    0.9579    0.9579      3186
weighted avg     0.9580    0.9579    0.9579      3186
"
