Accuracy,"
",0.979290869155946
MCC,"
",0.9586060811893363
Precision,"
",0.9793172221471412
Recall,"
",0.979290869155946
F1_score,"
",0.9792901595570188
Classification_Report,"
","              precision    recall  f1-score   support

           0     0.9828    0.9754    0.9791      1585
           1     0.9758    0.9831    0.9795      1602

    accuracy                         0.9793      3187
   macro avg     0.9793    0.9793    0.9793      3187
weighted avg     0.9793    0.9793    0.9793      3187
"
